{
	"Capture": {
		"AbsoluteBlackLevelOffset": 0,
		"AutoBlackLevel": true,
		"AutoExposure": true,
		"AutoGain": true,
		"Binning": 1,
		"BlackLevelOffset": 0.5,
		"BlackLevelOffsetCalibration": {
			"Left": 0,
			"Right": 0
		},
		"Exposure": 3.97930004498425571,
		"FlashDelay": -0.0500000000000000028,
		"FlexView": false,
		"FrontLight": false,
		"Gain": 1,
		"GainBoost": false,
		"HardwareGamma": true,
		"Hdr": false,
		"ImageBuffer": {
			"Count": 0,
			"OverflowPolicy": "DiscardOld",
			"Size": 1
		},
		"MaxFlashTime": 10,
		"MaxGain": 4,
		"MultiExposureFactor": 1,
		"PixelClock": 24,
		"Projector": true,
		"TargetBrightness": 80,
		"TriggerDelay": 0,
		"TriggerMode": "Software",
		"Triggered": false,
		"UseDisparityMapAreaOfInterest": false,
		"UseRecalibrator": true
	},
	"DisparityMap": {
		"AreaOfInterest": {
			"LeftTop": [
				0,
				0
			],
			"RightBottom": [
				1279,
				1023
			]
		},
		"MeasurementVolume": {
			"Far": {
				"DisparityStep": 22.3982097897004238,
				"LeftBottom": [
					-912.664896794197148,
					767.25804014808898,
					1545.17136818154518
				],
				"LeftTop": [
					-912.664896794197148,
					-720.974198738024597,
					1545.17136818154518
				],
				"PixelSize": 1.4547724720294366,
				"RightBottom": [
					947.9890949314522,
					767.25804014808898,
					1545.17136818154518
				],
				"RightTop": [
					947.9890949314522,
					-720.974198738024597,
					1545.17136818154518
				]
			},
			"Near": {
				"DisparityStep": 2.80369942037274633,
				"LeftBottom": [
					-322.901764895066663,
					271.456671735687905,
					546.683195117621267
				],
				"LeftTop": [
					-322.901764895066663,
					-255.081401765374551,
					546.683195117621267
				],
				"PixelSize": 0.514699974096835211,
				"RightBottom": [
					335.399501974785551,
					271.456671735687905,
					546.683195117621267
				],
				"RightTop": [
					335.399501974785551,
					-255.081401765374551,
					546.683195117621267
				]
			}
		},
		"PostProcessing": {
			"Filling": {
				"BorderSpread": 3,
				"RegionSize": 150
			},
			"MedianFilterRadius": 1,
			"SpeckleRemoval": {
				"ComponentThreshold": 3,
				"RegionSize": 150
			},
			"UniquenessOffset": 16,
			"UniquenessRatio": 10
		},
		"Scaling": 1,
		"StereoMatching": {
			"CostScale": -3,
			"DepthChangeCost": 25,
			"DepthStepCost": 30,
			"Method": "SgmAlignedAndDiagonal",
			"MinimumDisparity": -34,
			"NumberOfDisparities": 128,
			"Padding": true,
			"PropagationDecay": 3,
			"ScaledMinimumDisparity": -34,
			"ScaledNumberOfDisparities": 128,
			"ShadowingThreshold": 1
		},
		"ValidRegion": {
			"LeftTop": [
				93,
				0
			],
			"RightBottom": [
				1245,
				1023
			]
		}
	},
	"IO": {
		"Input": true,
		"Output": {
			"Duration": 0,
			"Mode": "LowActive"
		}
	},
	"Overlay": {
		"Text": {
			"Angle": 0,
			"Color": [
				255,
				0,
				0
			],
			"Mirror": {
				"Horizontal": false,
				"Vertical": false
			}
		}
	}
}